{
  "timestamp": "2026-05-22T13:28:38.189Z",
  "testFiles": {
    "count": 1000,
    "messages": 9406,
    "pattern": "/Users/longho/src/formatjs/bazel-bin/benchmarks/cli-comparison/test-files/**/*.tsx"
  },
  "typescript": {
    "mean": 744.8557499999998,
    "marginOfError": 39.47,
    "opsPerSec": 1.3425418277297319,
    "messagesPerSec": 12627.948431625859,
    "samples": 7,
    "rme": 5.298639830136275
  },
  "rust": {
    "mean": 35.64556827659585,
    "marginOfError": 0.56,
    "opsPerSec": 28.05397833022007,
    "messagesPerSec": 263875.72017404996,
    "samples": 141,
    "rme": 1.564085410312433
  },
  "comparison": {
    "speedup": 20.896167069639812,
    "percentFaster": 1989.6
  }
}
